week_start_ist,roster_shift,tickets,breaches,breach_rate,sla_credit_exposure_inr
2024-12-30 00:00:00+05:30,Day,13,0,0.0,0
2024-12-30 00:00:00+05:30,Morning,14,0,0.0,0
2024-12-30 00:00:00+05:30,Night,4,0,0.0,0
2025-01-06 00:00:00+05:30,Day,21,1,0.047619047619047616,350
2025-01-06 00:00:00+05:30,Morning,20,0,0.0,0
2025-01-06 00:00:00+05:30,Night,9,2,0.2222222222222222,700
2025-01-13 00:00:00+05:30,Day,27,4,0.14814814814814814,1400
2025-01-13 00:00:00+05:30,Morning,24,3,0.125,1050
2025-01-13 00:00:00+05:30,Night,7,1,0.14285714285714285,350
2025-01-20 00:00:00+05:30,Day,36,1,0.027777777777777776,350
2025-01-20 00:00:00+05:30,Morning,32,4,0.125,1400
2025-01-20 00:00:00+05:30,Night,12,2,0.16666666666666666,700
2025-01-27 00:00:00+05:30,Day,27,1,0.037037037037037035,350
2025-01-27 00:00:00+05:30,Morning,35,4,0.11428571428571428,1400
2025-01-27 00:00:00+05:30,Night,10,1,0.1,350
2025-02-03 00:00:00+05:30,Day,33,6,0.18181818181818182,2100
2025-02-03 00:00:00+05:30,Morning,40,8,0.2,2800
2025-02-03 00:00:00+05:30,Night,12,2,0.16666666666666666,700
2025-02-10 00:00:00+05:30,Day,31,2,0.06451612903225806,700
2025-02-10 00:00:00+05:30,Morning,42,6,0.14285714285714285,2100
2025-02-10 00:00:00+05:30,Night,10,1,0.1,350
2025-02-17 00:00:00+05:30,Day,40,3,0.075,1050
2025-02-17 00:00:00+05:30,Morning,50,7,0.14,2450
2025-02-17 00:00:00+05:30,Night,8,0,0.0,0
2025-02-24 00:00:00+05:30,Day,47,2,0.0425531914893617,700
2025-02-24 00:00:00+05:30,Morning,39,4,0.10256410256410256,1400
2025-02-24 00:00:00+05:30,Night,8,1,0.125,350
2025-03-03 00:00:00+05:30,Day,37,1,0.02702702702702703,350
2025-03-03 00:00:00+05:30,Morning,38,5,0.13157894736842105,1750
2025-03-03 00:00:00+05:30,Night,11,0,0.0,0
2025-03-10 00:00:00+05:30,Day,44,1,0.022727272727272728,350
2025-03-10 00:00:00+05:30,Morning,48,7,0.14583333333333334,2450
2025-03-10 00:00:00+05:30,Night,9,1,0.1111111111111111,350
2025-03-17 00:00:00+05:30,Day,37,2,0.05405405405405406,700
2025-03-17 00:00:00+05:30,Morning,44,7,0.1590909090909091,2450
2025-03-17 00:00:00+05:30,Night,7,1,0.14285714285714285,350
2025-03-24 00:00:00+05:30,Day,31,0,0.0,0
2025-03-24 00:00:00+05:30,Morning,49,6,0.12244897959183673,2100
2025-03-24 00:00:00+05:30,Night,6,0,0.0,0
2025-03-31 00:00:00+05:30,Day,42,6,0.14285714285714285,2100
2025-03-31 00:00:00+05:30,Morning,52,4,0.07692307692307693,1400
2025-03-31 00:00:00+05:30,Night,10,1,0.1,350
2025-04-07 00:00:00+05:30,Day,33,3,0.09090909090909091,1050
2025-04-07 00:00:00+05:30,Morning,42,2,0.047619047619047616,700
2025-04-07 00:00:00+05:30,Night,12,2,0.16666666666666666,700
2025-04-14 00:00:00+05:30,Day,38,6,0.15789473684210525,2100
2025-04-14 00:00:00+05:30,Morning,34,5,0.14705882352941177,1750
2025-04-14 00:00:00+05:30,Night,11,2,0.18181818181818182,700
2025-04-21 00:00:00+05:30,Day,37,0,0.0,0
2025-04-21 00:00:00+05:30,Morning,53,6,0.11320754716981132,2100
2025-04-21 00:00:00+05:30,Night,10,0,0.0,0
2025-04-28 00:00:00+05:30,Day,43,2,0.046511627906976744,700
2025-04-28 00:00:00+05:30,Morning,61,4,0.06557377049180328,1400
2025-04-28 00:00:00+05:30,Night,10,1,0.1,350
2025-05-05 00:00:00+05:30,Day,37,4,0.10810810810810811,1400
2025-05-05 00:00:00+05:30,Morning,47,0,0.0,0
2025-05-05 00:00:00+05:30,Night,14,2,0.14285714285714285,700
2025-05-12 00:00:00+05:30,Day,34,3,0.08823529411764706,1050
2025-05-12 00:00:00+05:30,Morning,44,5,0.11363636363636363,1750
2025-05-12 00:00:00+05:30,Night,8,1,0.125,350
2025-05-19 00:00:00+05:30,Day,38,7,0.18421052631578946,2450
2025-05-19 00:00:00+05:30,Morning,43,1,0.023255813953488372,350
2025-05-19 00:00:00+05:30,Night,16,3,0.1875,1050
2025-05-26 00:00:00+05:30,Day,32,5,0.15625,1750
2025-05-26 00:00:00+05:30,Morning,44,4,0.09090909090909091,1400
2025-05-26 00:00:00+05:30,Night,13,1,0.07692307692307693,350
2025-06-02 00:00:00+05:30,Day,27,1,0.037037037037037035,350
2025-06-02 00:00:00+05:30,Morning,42,4,0.09523809523809523,1400
2025-06-02 00:00:00+05:30,Night,14,0,0.0,0
2025-06-09 00:00:00+05:30,Day,48,2,0.041666666666666664,700
2025-06-09 00:00:00+05:30,Morning,31,4,0.12903225806451613,1400
2025-06-09 00:00:00+05:30,Night,8,0,0.0,0
2025-06-16 00:00:00+05:30,Day,43,2,0.046511627906976744,700
2025-06-16 00:00:00+05:30,Morning,55,1,0.01818181818181818,350
2025-06-16 00:00:00+05:30,Night,20,4,0.2,1400
2025-06-23 00:00:00+05:30,Day,40,4,0.1,1400
2025-06-23 00:00:00+05:30,Morning,45,8,0.17777777777777778,2800
2025-06-23 00:00:00+05:30,Night,9,0,0.0,0
2025-06-30 00:00:00+05:30,Day,38,2,0.05263157894736842,700
2025-06-30 00:00:00+05:30,Morning,54,26,0.48148148148148145,9100
2025-07-07 00:00:00+05:30,Day,43,2,0.046511627906976744,700
2025-07-07 00:00:00+05:30,Morning,57,23,0.40350877192982454,8050
2025-07-14 00:00:00+05:30,Day,47,0,0.0,0
2025-07-14 00:00:00+05:30,Morning,53,15,0.2830188679245283,5250
2025-07-21 00:00:00+05:30,Day,55,6,0.10909090909090909,2100
2025-07-21 00:00:00+05:30,Morning,69,24,0.34782608695652173,8400
2025-07-28 00:00:00+05:30,Day,60,5,0.08333333333333333,1750
2025-07-28 00:00:00+05:30,Morning,76,29,0.3815789473684211,10150
2025-08-04 00:00:00+05:30,Day,57,3,0.05263157894736842,1050
2025-08-04 00:00:00+05:30,Morning,89,33,0.3707865168539326,11550
2025-08-11 00:00:00+05:30,Day,52,4,0.07692307692307693,1400
2025-08-11 00:00:00+05:30,Morning,104,45,0.4326923076923077,15750
2025-08-18 00:00:00+05:30,Day,57,9,0.15789473684210525,3150
2025-08-18 00:00:00+05:30,Morning,80,29,0.3625,10150
2025-08-25 00:00:00+05:30,Day,74,8,0.10810810810810811,2800
2025-08-25 00:00:00+05:30,Morning,108,38,0.35185185185185186,13300
2025-09-01 00:00:00+05:30,Day,59,6,0.1016949152542373,2100
2025-09-01 00:00:00+05:30,Morning,98,47,0.47959183673469385,16450
2025-09-08 00:00:00+05:30,Day,66,6,0.09090909090909091,2100
2025-09-08 00:00:00+05:30,Morning,108,43,0.39814814814814814,15050
2025-09-15 00:00:00+05:30,Day,66,7,0.10606060606060606,2450
2025-09-15 00:00:00+05:30,Morning,87,27,0.3103448275862069,9450
2025-09-22 00:00:00+05:30,Day,62,7,0.11290322580645161,2450
2025-09-22 00:00:00+05:30,Morning,92,26,0.2826086956521739,9100
2025-09-29 00:00:00+05:30,Day,62,4,0.06451612903225806,1400
2025-09-29 00:00:00+05:30,Morning,99,34,0.3434343434343434,11900
2025-10-06 00:00:00+05:30,Day,81,11,0.13580246913580246,3850
2025-10-06 00:00:00+05:30,Morning,104,29,0.27884615384615385,10150
2025-10-13 00:00:00+05:30,Day,92,6,0.06521739130434782,2100
2025-10-13 00:00:00+05:30,Morning,121,39,0.32231404958677684,13650
2025-10-20 00:00:00+05:30,Day,75,9,0.12,3150
2025-10-20 00:00:00+05:30,Morning,136,53,0.3897058823529412,18550
2025-10-27 00:00:00+05:30,Day,85,8,0.09411764705882353,2800
2025-10-27 00:00:00+05:30,Morning,115,41,0.3565217391304348,14350
2025-11-03 00:00:00+05:30,Day,75,7,0.09333333333333334,2450
2025-11-03 00:00:00+05:30,Morning,121,46,0.38016528925619836,16100
2025-11-10 00:00:00+05:30,Day,86,2,0.023255813953488372,700
2025-11-10 00:00:00+05:30,Morning,99,32,0.32323232323232326,11200
2025-11-17 00:00:00+05:30,Day,80,7,0.0875,2450
2025-11-17 00:00:00+05:30,Morning,118,43,0.3644067796610169,15050
2025-11-24 00:00:00+05:30,Day,105,8,0.0761904761904762,2800
2025-11-24 00:00:00+05:30,Morning,126,53,0.42063492063492064,18550
2025-12-01 00:00:00+05:30,Day,91,9,0.0989010989010989,3150
2025-12-01 00:00:00+05:30,Morning,113,49,0.4336283185840708,17150
2025-12-08 00:00:00+05:30,Day,86,8,0.09302325581395349,2800
2025-12-08 00:00:00+05:30,Morning,100,33,0.33,11550
2025-12-15 00:00:00+05:30,Day,75,4,0.05333333333333334,1400
2025-12-15 00:00:00+05:30,Morning,112,29,0.25892857142857145,10150
2025-12-22 00:00:00+05:30,Day,63,3,0.047619047619047616,1050
2025-12-22 00:00:00+05:30,Morning,115,42,0.3652173913043478,14700
2025-12-29 00:00:00+05:30,Day,86,8,0.09302325581395349,2800
2025-12-29 00:00:00+05:30,Morning,118,48,0.4067796610169492,16800
2026-01-05 00:00:00+05:30,Day,75,6,0.08,2100
2026-01-05 00:00:00+05:30,Morning,107,34,0.3177570093457944,11900
2026-01-12 00:00:00+05:30,Day,84,10,0.11904761904761904,3500
2026-01-12 00:00:00+05:30,Morning,104,38,0.36538461538461536,13300
2026-01-19 00:00:00+05:30,Day,73,4,0.0547945205479452,1400
2026-01-19 00:00:00+05:30,Morning,111,47,0.42342342342342343,16450
2026-01-26 00:00:00+05:30,Day,79,9,0.11392405063291139,3150
2026-01-26 00:00:00+05:30,Morning,98,35,0.35714285714285715,12250
2026-02-02 00:00:00+05:30,Day,76,11,0.14473684210526316,3850
2026-02-02 00:00:00+05:30,Morning,100,33,0.33,11550
2026-02-09 00:00:00+05:30,Day,78,6,0.07692307692307693,2100
2026-02-09 00:00:00+05:30,Morning,91,31,0.34065934065934067,10850
2026-02-16 00:00:00+05:30,Day,61,4,0.06557377049180328,1400
2026-02-16 00:00:00+05:30,Morning,108,33,0.3055555555555556,11550
2026-02-23 00:00:00+05:30,Day,79,4,0.05063291139240506,1400
2026-02-23 00:00:00+05:30,Morning,88,30,0.3409090909090909,10500
2026-03-02 00:00:00+05:30,Day,77,7,0.09090909090909091,2450
2026-03-02 00:00:00+05:30,Morning,94,38,0.40425531914893614,13300
2026-03-09 00:00:00+05:30,Day,80,5,0.0625,1750
2026-03-09 00:00:00+05:30,Morning,98,46,0.46938775510204084,16100
2026-03-16 00:00:00+05:30,Day,75,5,0.06666666666666667,1750
2026-03-16 00:00:00+05:30,Morning,117,42,0.358974358974359,14700
2026-03-23 00:00:00+05:30,Day,72,7,0.09722222222222222,2450
2026-03-23 00:00:00+05:30,Morning,93,32,0.34408602150537637,11200
2026-03-30 00:00:00+05:30,Day,77,12,0.15584415584415584,4200
2026-03-30 00:00:00+05:30,Morning,95,39,0.4105263157894737,13650
2026-04-06 00:00:00+05:30,Day,67,6,0.08955223880597014,2100
2026-04-06 00:00:00+05:30,Morning,91,35,0.38461538461538464,12250
2026-04-13 00:00:00+05:30,Day,79,9,0.11392405063291139,3150
2026-04-13 00:00:00+05:30,Morning,94,36,0.3829787234042553,12600
2026-04-20 00:00:00+05:30,Day,67,7,0.1044776119402985,2450
2026-04-20 00:00:00+05:30,Morning,106,43,0.4056603773584906,15050
2026-04-27 00:00:00+05:30,Day,79,9,0.11392405063291139,3150
2026-04-27 00:00:00+05:30,Morning,102,36,0.35294117647058826,12600
2026-05-04 00:00:00+05:30,Day,60,2,0.03333333333333333,700
2026-05-04 00:00:00+05:30,Morning,98,33,0.336734693877551,11550
2026-05-11 00:00:00+05:30,Day,77,9,0.11688311688311688,3150
2026-05-11 00:00:00+05:30,Morning,95,38,0.4,13300
2026-05-18 00:00:00+05:30,Day,76,6,0.07894736842105263,2100
2026-05-18 00:00:00+05:30,Morning,102,39,0.38235294117647056,13650
2026-05-25 00:00:00+05:30,Day,70,5,0.07142857142857142,1750
2026-05-25 00:00:00+05:30,Morning,87,36,0.41379310344827586,12600
2026-06-01 00:00:00+05:30,Day,70,4,0.05714285714285714,1400
2026-06-01 00:00:00+05:30,Morning,92,32,0.34782608695652173,11200
2026-06-08 00:00:00+05:30,Day,59,4,0.06779661016949153,1400
2026-06-08 00:00:00+05:30,Morning,104,43,0.41346153846153844,15050
2026-06-15 00:00:00+05:30,Day,72,6,0.08333333333333333,2100
2026-06-15 00:00:00+05:30,Morning,123,40,0.3252032520325203,14000
2026-06-22 00:00:00+05:30,Day,98,8,0.08163265306122448,2800
2026-06-22 00:00:00+05:30,Morning,109,41,0.3761467889908257,14350
2026-06-29 00:00:00+05:30,Day,14,0,0.0,0
2026-06-29 00:00:00+05:30,Morning,17,3,0.17647058823529413,1050
